"","Suit1","Rank1","Suit2","Rank2"
"1","Clubs","Ace","Diamonds","Ace"
"2","Clubs","Two","Diamonds","Ace"
"3","Clubs","Three","Diamonds","Ace"
"4","Clubs","Four","Diamonds","Ace"
"5","Clubs","Five","Diamonds","Ace"
"6","Clubs","Six","Diamonds","Ace"
"7","Clubs","Seven","Diamonds","Ace"
"8","Clubs","Eight","Diamonds","Ace"
"9","Clubs","Nine","Diamonds","Ace"
"10","Clubs","Ten","Diamonds","Ace"
"11","Clubs","Jack","Diamonds","Ace"
"12","Clubs","Queen","Diamonds","Ace"
"13","Clubs","King","Diamonds","Ace"
"14","Clubs","Ace","Hearts","Ace"
"15","Diamonds","Ace","Hearts","Ace"
"16","Clubs","Two","Hearts","Ace"
"17","Diamonds","Two","Hearts","Ace"
"18","Clubs","Three","Hearts","Ace"
"19","Diamonds","Three","Hearts","Ace"
"20","Clubs","Four","Hearts","Ace"
"21","Diamonds","Four","Hearts","Ace"
"22","Clubs","Five","Hearts","Ace"
"23","Diamonds","Five","Hearts","Ace"
"24","Clubs","Six","Hearts","Ace"
"25","Diamonds","Six","Hearts","Ace"
"26","Clubs","Seven","Hearts","Ace"
"27","Diamonds","Seven","Hearts","Ace"
"28","Clubs","Eight","Hearts","Ace"
"29","Diamonds","Eight","Hearts","Ace"
"30","Clubs","Nine","Hearts","Ace"
"31","Diamonds","Nine","Hearts","Ace"
"32","Clubs","Ten","Hearts","Ace"
"33","Diamonds","Ten","Hearts","Ace"
"34","Clubs","Jack","Hearts","Ace"
"35","Diamonds","Jack","Hearts","Ace"
"36","Clubs","Queen","Hearts","Ace"
"37","Diamonds","Queen","Hearts","Ace"
"38","Clubs","King","Hearts","Ace"
"39","Diamonds","King","Hearts","Ace"
"40","Clubs","Ace","Spades","Ace"
"41","Diamonds","Ace","Spades","Ace"
"42","Hearts","Ace","Spades","Ace"
"43","Clubs","Two","Spades","Ace"
"44","Diamonds","Two","Spades","Ace"
"45","Hearts","Two","Spades","Ace"
"46","Clubs","Three","Spades","Ace"
"47","Diamonds","Three","Spades","Ace"
"48","Hearts","Three","Spades","Ace"
"49","Clubs","Four","Spades","Ace"
"50","Diamonds","Four","Spades","Ace"
"51","Hearts","Four","Spades","Ace"
"52","Clubs","Five","Spades","Ace"
"53","Diamonds","Five","Spades","Ace"
"54","Hearts","Five","Spades","Ace"
"55","Clubs","Six","Spades","Ace"
"56","Diamonds","Six","Spades","Ace"
"57","Hearts","Six","Spades","Ace"
"58","Clubs","Seven","Spades","Ace"
"59","Diamonds","Seven","Spades","Ace"
"60","Hearts","Seven","Spades","Ace"
"61","Clubs","Eight","Spades","Ace"
"62","Diamonds","Eight","Spades","Ace"
"63","Hearts","Eight","Spades","Ace"
"64","Clubs","Nine","Spades","Ace"
"65","Diamonds","Nine","Spades","Ace"
"66","Hearts","Nine","Spades","Ace"
"67","Clubs","Ten","Spades","Ace"
"68","Diamonds","Ten","Spades","Ace"
"69","Hearts","Ten","Spades","Ace"
"70","Clubs","Jack","Spades","Ace"
"71","Diamonds","Jack","Spades","Ace"
"72","Hearts","Jack","Spades","Ace"
"73","Clubs","Queen","Spades","Ace"
"74","Diamonds","Queen","Spades","Ace"
"75","Hearts","Queen","Spades","Ace"
"76","Clubs","King","Spades","Ace"
"77","Diamonds","King","Spades","Ace"
"78","Hearts","King","Spades","Ace"
"79","Clubs","Ace","Clubs","Two"
"80","Clubs","Three","Clubs","Two"
"81","Clubs","Four","Clubs","Two"
"82","Clubs","Five","Clubs","Two"
"83","Clubs","Six","Clubs","Two"
"84","Clubs","Seven","Clubs","Two"
"85","Clubs","Eight","Clubs","Two"
"86","Clubs","Nine","Clubs","Two"
"87","Clubs","Ten","Clubs","Two"
"88","Clubs","Jack","Clubs","Two"
"89","Clubs","Queen","Clubs","Two"
"90","Clubs","King","Clubs","Two"
"91","Clubs","Ace","Diamonds","Two"
"92","Diamonds","Ace","Diamonds","Two"
"93","Clubs","Two","Diamonds","Two"
"94","Clubs","Three","Diamonds","Two"
"95","Diamonds","Three","Diamonds","Two"
"96","Clubs","Four","Diamonds","Two"
"97","Diamonds","Four","Diamonds","Two"
"98","Clubs","Five","Diamonds","Two"
"99","Diamonds","Five","Diamonds","Two"
"100","Clubs","Six","Diamonds","Two"
"101","Diamonds","Six","Diamonds","Two"
"102","Clubs","Seven","Diamonds","Two"
"103","Diamonds","Seven","Diamonds","Two"
"104","Clubs","Eight","Diamonds","Two"
"105","Diamonds","Eight","Diamonds","Two"
"106","Clubs","Nine","Diamonds","Two"
"107","Diamonds","Nine","Diamonds","Two"
"108","Clubs","Ten","Diamonds","Two"
"109","Diamonds","Ten","Diamonds","Two"
"110","Clubs","Jack","Diamonds","Two"
"111","Diamonds","Jack","Diamonds","Two"
"112","Clubs","Queen","Diamonds","Two"
"113","Diamonds","Queen","Diamonds","Two"
"114","Clubs","King","Diamonds","Two"
"115","Diamonds","King","Diamonds","Two"
"116","Clubs","Ace","Hearts","Two"
"117","Diamonds","Ace","Hearts","Two"
"118","Hearts","Ace","Hearts","Two"
"119","Clubs","Two","Hearts","Two"
"120","Diamonds","Two","Hearts","Two"
"121","Clubs","Three","Hearts","Two"
"122","Diamonds","Three","Hearts","Two"
"123","Hearts","Three","Hearts","Two"
"124","Clubs","Four","Hearts","Two"
"125","Diamonds","Four","Hearts","Two"
"126","Hearts","Four","Hearts","Two"
"127","Clubs","Five","Hearts","Two"
"128","Diamonds","Five","Hearts","Two"
"129","Hearts","Five","Hearts","Two"
"130","Clubs","Six","Hearts","Two"
"131","Diamonds","Six","Hearts","Two"
"132","Hearts","Six","Hearts","Two"
"133","Clubs","Seven","Hearts","Two"
"134","Diamonds","Seven","Hearts","Two"
"135","Hearts","Seven","Hearts","Two"
"136","Clubs","Eight","Hearts","Two"
"137","Diamonds","Eight","Hearts","Two"
"138","Hearts","Eight","Hearts","Two"
"139","Clubs","Nine","Hearts","Two"
"140","Diamonds","Nine","Hearts","Two"
"141","Hearts","Nine","Hearts","Two"
"142","Clubs","Ten","Hearts","Two"
"143","Diamonds","Ten","Hearts","Two"
"144","Hearts","Ten","Hearts","Two"
"145","Clubs","Jack","Hearts","Two"
"146","Diamonds","Jack","Hearts","Two"
"147","Hearts","Jack","Hearts","Two"
"148","Clubs","Queen","Hearts","Two"
"149","Diamonds","Queen","Hearts","Two"
"150","Hearts","Queen","Hearts","Two"
"151","Clubs","King","Hearts","Two"
"152","Diamonds","King","Hearts","Two"
"153","Hearts","King","Hearts","Two"
"154","Clubs","Ace","Spades","Two"
"155","Diamonds","Ace","Spades","Two"
"156","Hearts","Ace","Spades","Two"
"157","Spades","Ace","Spades","Two"
"158","Clubs","Two","Spades","Two"
"159","Diamonds","Two","Spades","Two"
"160","Hearts","Two","Spades","Two"
"161","Clubs","Three","Spades","Two"
"162","Diamonds","Three","Spades","Two"
"163","Hearts","Three","Spades","Two"
"164","Spades","Three","Spades","Two"
"165","Clubs","Four","Spades","Two"
"166","Diamonds","Four","Spades","Two"
"167","Hearts","Four","Spades","Two"
"168","Spades","Four","Spades","Two"
"169","Clubs","Five","Spades","Two"
"170","Diamonds","Five","Spades","Two"
"171","Hearts","Five","Spades","Two"
"172","Spades","Five","Spades","Two"
"173","Clubs","Six","Spades","Two"
"174","Diamonds","Six","Spades","Two"
"175","Hearts","Six","Spades","Two"
"176","Spades","Six","Spades","Two"
"177","Clubs","Seven","Spades","Two"
"178","Diamonds","Seven","Spades","Two"
"179","Hearts","Seven","Spades","Two"
"180","Spades","Seven","Spades","Two"
"181","Clubs","Eight","Spades","Two"
"182","Diamonds","Eight","Spades","Two"
"183","Hearts","Eight","Spades","Two"
"184","Spades","Eight","Spades","Two"
"185","Clubs","Nine","Spades","Two"
"186","Diamonds","Nine","Spades","Two"
"187","Hearts","Nine","Spades","Two"
"188","Spades","Nine","Spades","Two"
"189","Clubs","Ten","Spades","Two"
"190","Diamonds","Ten","Spades","Two"
"191","Hearts","Ten","Spades","Two"
"192","Spades","Ten","Spades","Two"
"193","Clubs","Jack","Spades","Two"
"194","Diamonds","Jack","Spades","Two"
"195","Hearts","Jack","Spades","Two"
"196","Spades","Jack","Spades","Two"
"197","Clubs","Queen","Spades","Two"
"198","Diamonds","Queen","Spades","Two"
"199","Hearts","Queen","Spades","Two"
"200","Spades","Queen","Spades","Two"
"201","Clubs","King","Spades","Two"
"202","Diamonds","King","Spades","Two"
"203","Hearts","King","Spades","Two"
"204","Spades","King","Spades","Two"
"205","Clubs","Ace","Clubs","Three"
"206","Clubs","Four","Clubs","Three"
"207","Clubs","Five","Clubs","Three"
"208","Clubs","Six","Clubs","Three"
"209","Clubs","Seven","Clubs","Three"
"210","Clubs","Eight","Clubs","Three"
"211","Clubs","Nine","Clubs","Three"
"212","Clubs","Ten","Clubs","Three"
"213","Clubs","Jack","Clubs","Three"
"214","Clubs","Queen","Clubs","Three"
"215","Clubs","King","Clubs","Three"
"216","Clubs","Ace","Diamonds","Three"
"217","Diamonds","Ace","Diamonds","Three"
"218","Clubs","Two","Diamonds","Three"
"219","Clubs","Three","Diamonds","Three"
"220","Clubs","Four","Diamonds","Three"
"221","Diamonds","Four","Diamonds","Three"
"222","Clubs","Five","Diamonds","Three"
"223","Diamonds","Five","Diamonds","Three"
"224","Clubs","Six","Diamonds","Three"
"225","Diamonds","Six","Diamonds","Three"
"226","Clubs","Seven","Diamonds","Three"
"227","Diamonds","Seven","Diamonds","Three"
"228","Clubs","Eight","Diamonds","Three"
"229","Diamonds","Eight","Diamonds","Three"
"230","Clubs","Nine","Diamonds","Three"
"231","Diamonds","Nine","Diamonds","Three"
"232","Clubs","Ten","Diamonds","Three"
"233","Diamonds","Ten","Diamonds","Three"
"234","Clubs","Jack","Diamonds","Three"
"235","Diamonds","Jack","Diamonds","Three"
"236","Clubs","Queen","Diamonds","Three"
"237","Diamonds","Queen","Diamonds","Three"
"238","Clubs","King","Diamonds","Three"
"239","Diamonds","King","Diamonds","Three"
"240","Clubs","Ace","Hearts","Three"
"241","Diamonds","Ace","Hearts","Three"
"242","Hearts","Ace","Hearts","Three"
"243","Clubs","Two","Hearts","Three"
"244","Diamonds","Two","Hearts","Three"
"245","Clubs","Three","Hearts","Three"
"246","Diamonds","Three","Hearts","Three"
"247","Clubs","Four","Hearts","Three"
"248","Diamonds","Four","Hearts","Three"
"249","Hearts","Four","Hearts","Three"
"250","Clubs","Five","Hearts","Three"
"251","Diamonds","Five","Hearts","Three"
"252","Hearts","Five","Hearts","Three"
"253","Clubs","Six","Hearts","Three"
"254","Diamonds","Six","Hearts","Three"
"255","Hearts","Six","Hearts","Three"
"256","Clubs","Seven","Hearts","Three"
"257","Diamonds","Seven","Hearts","Three"
"258","Hearts","Seven","Hearts","Three"
"259","Clubs","Eight","Hearts","Three"
"260","Diamonds","Eight","Hearts","Three"
"261","Hearts","Eight","Hearts","Three"
"262","Clubs","Nine","Hearts","Three"
"263","Diamonds","Nine","Hearts","Three"
"264","Hearts","Nine","Hearts","Three"
"265","Clubs","Ten","Hearts","Three"
"266","Diamonds","Ten","Hearts","Three"
"267","Hearts","Ten","Hearts","Three"
"268","Clubs","Jack","Hearts","Three"
"269","Diamonds","Jack","Hearts","Three"
"270","Hearts","Jack","Hearts","Three"
"271","Clubs","Queen","Hearts","Three"
"272","Diamonds","Queen","Hearts","Three"
"273","Hearts","Queen","Hearts","Three"
"274","Clubs","King","Hearts","Three"
"275","Diamonds","King","Hearts","Three"
"276","Hearts","King","Hearts","Three"
"277","Clubs","Ace","Spades","Three"
"278","Diamonds","Ace","Spades","Three"
"279","Hearts","Ace","Spades","Three"
"280","Spades","Ace","Spades","Three"
"281","Clubs","Two","Spades","Three"
"282","Diamonds","Two","Spades","Three"
"283","Hearts","Two","Spades","Three"
"284","Clubs","Three","Spades","Three"
"285","Diamonds","Three","Spades","Three"
"286","Hearts","Three","Spades","Three"
"287","Clubs","Four","Spades","Three"
"288","Diamonds","Four","Spades","Three"
"289","Hearts","Four","Spades","Three"
"290","Spades","Four","Spades","Three"
"291","Clubs","Five","Spades","Three"
"292","Diamonds","Five","Spades","Three"
"293","Hearts","Five","Spades","Three"
"294","Spades","Five","Spades","Three"
"295","Clubs","Six","Spades","Three"
"296","Diamonds","Six","Spades","Three"
"297","Hearts","Six","Spades","Three"
"298","Spades","Six","Spades","Three"
"299","Clubs","Seven","Spades","Three"
"300","Diamonds","Seven","Spades","Three"
"301","Hearts","Seven","Spades","Three"
"302","Spades","Seven","Spades","Three"
"303","Clubs","Eight","Spades","Three"
"304","Diamonds","Eight","Spades","Three"
"305","Hearts","Eight","Spades","Three"
"306","Spades","Eight","Spades","Three"
"307","Clubs","Nine","Spades","Three"
"308","Diamonds","Nine","Spades","Three"
"309","Hearts","Nine","Spades","Three"
"310","Spades","Nine","Spades","Three"
"311","Clubs","Ten","Spades","Three"
"312","Diamonds","Ten","Spades","Three"
"313","Hearts","Ten","Spades","Three"
"314","Spades","Ten","Spades","Three"
"315","Clubs","Jack","Spades","Three"
"316","Diamonds","Jack","Spades","Three"
"317","Hearts","Jack","Spades","Three"
"318","Spades","Jack","Spades","Three"
"319","Clubs","Queen","Spades","Three"
"320","Diamonds","Queen","Spades","Three"
"321","Hearts","Queen","Spades","Three"
"322","Spades","Queen","Spades","Three"
"323","Clubs","King","Spades","Three"
"324","Diamonds","King","Spades","Three"
"325","Hearts","King","Spades","Three"
"326","Spades","King","Spades","Three"
"327","Clubs","Ace","Clubs","Four"
"328","Clubs","Five","Clubs","Four"
"329","Clubs","Eight","Clubs","Four"
"330","Clubs","Ace","Diamonds","Four"
"331","Diamonds","Ace","Diamonds","Four"
"332","Clubs","Two","Diamonds","Four"
"333","Clubs","Three","Diamonds","Four"
"334","Clubs","Four","Diamonds","Four"
"335","Clubs","Five","Diamonds","Four"
"336","Diamonds","Five","Diamonds","Four"
"337","Clubs","Six","Diamonds","Four"
"338","Clubs","Seven","Diamonds","Four"
"339","Clubs","Eight","Diamonds","Four"
"340","Diamonds","Eight","Diamonds","Four"
"341","Clubs","Nine","Diamonds","Four"
"342","Clubs","Ten","Diamonds","Four"
"343","Clubs","Jack","Diamonds","Four"
"344","Clubs","Queen","Diamonds","Four"
"345","Clubs","King","Diamonds","Four"
"346","Clubs","Ace","Hearts","Four"
"347","Diamonds","Ace","Hearts","Four"
"348","Hearts","Ace","Hearts","Four"
"349","Clubs","Two","Hearts","Four"
"350","Diamonds","Two","Hearts","Four"
"351","Clubs","Three","Hearts","Four"
"352","Diamonds","Three","Hearts","Four"
"353","Clubs","Four","Hearts","Four"
"354","Diamonds","Four","Hearts","Four"
"355","Clubs","Five","Hearts","Four"
"356","Diamonds","Five","Hearts","Four"
"357","Hearts","Five","Hearts","Four"
"358","Clubs","Six","Hearts","Four"
"359","Diamonds","Six","Hearts","Four"
"360","Clubs","Seven","Hearts","Four"
"361","Diamonds","Seven","Hearts","Four"
"362","Clubs","Eight","Hearts","Four"
"363","Diamonds","Eight","Hearts","Four"
"364","Hearts","Eight","Hearts","Four"
"365","Clubs","Nine","Hearts","Four"
"366","Diamonds","Nine","Hearts","Four"
"367","Clubs","Ten","Hearts","Four"
"368","Diamonds","Ten","Hearts","Four"
"369","Clubs","Jack","Hearts","Four"
"370","Diamonds","Jack","Hearts","Four"
"371","Clubs","Queen","Hearts","Four"
"372","Diamonds","Queen","Hearts","Four"
"373","Clubs","King","Hearts","Four"
"374","Diamonds","King","Hearts","Four"
"375","Clubs","Ace","Spades","Four"
"376","Diamonds","Ace","Spades","Four"
"377","Hearts","Ace","Spades","Four"
"378","Spades","Ace","Spades","Four"
"379","Clubs","Two","Spades","Four"
"380","Diamonds","Two","Spades","Four"
"381","Hearts","Two","Spades","Four"
"382","Clubs","Three","Spades","Four"
"383","Diamonds","Three","Spades","Four"
"384","Hearts","Three","Spades","Four"
"385","Clubs","Four","Spades","Four"
"386","Diamonds","Four","Spades","Four"
"387","Hearts","Four","Spades","Four"
"388","Clubs","Five","Spades","Four"
"389","Diamonds","Five","Spades","Four"
"390","Hearts","Five","Spades","Four"
"391","Spades","Five","Spades","Four"
"392","Clubs","Six","Spades","Four"
"393","Diamonds","Six","Spades","Four"
"394","Hearts","Six","Spades","Four"
"395","Clubs","Seven","Spades","Four"
"396","Diamonds","Seven","Spades","Four"
"397","Hearts","Seven","Spades","Four"
"398","Clubs","Eight","Spades","Four"
"399","Diamonds","Eight","Spades","Four"
"400","Hearts","Eight","Spades","Four"
"401","Spades","Eight","Spades","Four"
"402","Clubs","Nine","Spades","Four"
"403","Diamonds","Nine","Spades","Four"
"404","Hearts","Nine","Spades","Four"
"405","Clubs","Ten","Spades","Four"
"406","Diamonds","Ten","Spades","Four"
"407","Hearts","Ten","Spades","Four"
"408","Clubs","Jack","Spades","Four"
"409","Diamonds","Jack","Spades","Four"
"410","Hearts","Jack","Spades","Four"
"411","Clubs","Queen","Spades","Four"
"412","Diamonds","Queen","Spades","Four"
"413","Hearts","Queen","Spades","Four"
"414","Clubs","King","Spades","Four"
"415","Diamonds","King","Spades","Four"
"416","Hearts","King","Spades","Four"
"417","Clubs","Ace","Clubs","Five"
"418","Clubs","Eight","Clubs","Five"
"419","Clubs","Ace","Diamonds","Five"
"420","Diamonds","Ace","Diamonds","Five"
"421","Clubs","Two","Diamonds","Five"
"422","Clubs","Three","Diamonds","Five"
"423","Clubs","Four","Diamonds","Five"
"424","Clubs","Five","Diamonds","Five"
"425","Clubs","Six","Diamonds","Five"
"426","Clubs","Seven","Diamonds","Five"
"427","Clubs","Eight","Diamonds","Five"
"428","Diamonds","Eight","Diamonds","Five"
"429","Clubs","Nine","Diamonds","Five"
"430","Clubs","Ten","Diamonds","Five"
"431","Clubs","Jack","Diamonds","Five"
"432","Clubs","Queen","Diamonds","Five"
"433","Clubs","King","Diamonds","Five"
"434","Clubs","Ace","Hearts","Five"
"435","Diamonds","Ace","Hearts","Five"
"436","Hearts","Ace","Hearts","Five"
"437","Clubs","Two","Hearts","Five"
"438","Diamonds","Two","Hearts","Five"
"439","Clubs","Three","Hearts","Five"
"440","Diamonds","Three","Hearts","Five"
"441","Clubs","Four","Hearts","Five"
"442","Diamonds","Four","Hearts","Five"
"443","Clubs","Five","Hearts","Five"
"444","Diamonds","Five","Hearts","Five"
"445","Clubs","Six","Hearts","Five"
"446","Diamonds","Six","Hearts","Five"
"447","Clubs","Seven","Hearts","Five"
"448","Diamonds","Seven","Hearts","Five"
"449","Clubs","Eight","Hearts","Five"
"450","Diamonds","Eight","Hearts","Five"
"451","Hearts","Eight","Hearts","Five"
"452","Clubs","Nine","Hearts","Five"
"453","Diamonds","Nine","Hearts","Five"
"454","Clubs","Ten","Hearts","Five"
"455","Diamonds","Ten","Hearts","Five"
"456","Clubs","Jack","Hearts","Five"
"457","Diamonds","Jack","Hearts","Five"
"458","Clubs","Queen","Hearts","Five"
"459","Diamonds","Queen","Hearts","Five"
"460","Clubs","King","Hearts","Five"
"461","Diamonds","King","Hearts","Five"
"462","Clubs","Ace","Spades","Five"
"463","Diamonds","Ace","Spades","Five"
"464","Hearts","Ace","Spades","Five"
"465","Spades","Ace","Spades","Five"
"466","Clubs","Two","Spades","Five"
"467","Diamonds","Two","Spades","Five"
"468","Hearts","Two","Spades","Five"
"469","Clubs","Three","Spades","Five"
"470","Diamonds","Three","Spades","Five"
"471","Hearts","Three","Spades","Five"
"472","Clubs","Four","Spades","Five"
"473","Diamonds","Four","Spades","Five"
"474","Hearts","Four","Spades","Five"
"475","Clubs","Five","Spades","Five"
"476","Diamonds","Five","Spades","Five"
"477","Hearts","Five","Spades","Five"
"478","Clubs","Six","Spades","Five"
"479","Diamonds","Six","Spades","Five"
"480","Hearts","Six","Spades","Five"
"481","Clubs","Seven","Spades","Five"
"482","Diamonds","Seven","Spades","Five"
"483","Hearts","Seven","Spades","Five"
"484","Clubs","Eight","Spades","Five"
"485","Diamonds","Eight","Spades","Five"
"486","Hearts","Eight","Spades","Five"
"487","Spades","Eight","Spades","Five"
"488","Clubs","Nine","Spades","Five"
"489","Diamonds","Nine","Spades","Five"
"490","Hearts","Nine","Spades","Five"
"491","Clubs","Ten","Spades","Five"
"492","Diamonds","Ten","Spades","Five"
"493","Hearts","Ten","Spades","Five"
"494","Clubs","Jack","Spades","Five"
"495","Diamonds","Jack","Spades","Five"
"496","Hearts","Jack","Spades","Five"
"497","Clubs","Queen","Spades","Five"
"498","Diamonds","Queen","Spades","Five"
"499","Hearts","Queen","Spades","Five"
"500","Clubs","King","Spades","Five"
"501","Diamonds","King","Spades","Five"
"502","Hearts","King","Spades","Five"
"503","Clubs","Ace","Clubs","Six"
"504","Clubs","Four","Clubs","Six"
"505","Clubs","Five","Clubs","Six"
"506","Clubs","Seven","Clubs","Six"
"507","Clubs","Eight","Clubs","Six"
"508","Clubs","Nine","Clubs","Six"
"509","Clubs","Jack","Clubs","Six"
"510","Clubs","Queen","Clubs","Six"
"511","Clubs","King","Clubs","Six"
"512","Clubs","Ace","Diamonds","Six"
"513","Diamonds","Ace","Diamonds","Six"
"514","Clubs","Two","Diamonds","Six"
"515","Clubs","Three","Diamonds","Six"
"516","Clubs","Four","Diamonds","Six"
"517","Diamonds","Four","Diamonds","Six"
"518","Clubs","Five","Diamonds","Six"
"519","Diamonds","Five","Diamonds","Six"
"520","Clubs","Six","Diamonds","Six"
"521","Clubs","Seven","Diamonds","Six"
"522","Diamonds","Seven","Diamonds","Six"
"523","Clubs","Eight","Diamonds","Six"
"524","Diamonds","Eight","Diamonds","Six"
"525","Clubs","Nine","Diamonds","Six"
"526","Diamonds","Nine","Diamonds","Six"
"527","Clubs","Ten","Diamonds","Six"
"528","Clubs","Jack","Diamonds","Six"
"529","Diamonds","Jack","Diamonds","Six"
"530","Clubs","Queen","Diamonds","Six"
"531","Diamonds","Queen","Diamonds","Six"
"532","Clubs","King","Diamonds","Six"
"533","Diamonds","King","Diamonds","Six"
"534","Clubs","Ace","Hearts","Six"
"535","Diamonds","Ace","Hearts","Six"
"536","Hearts","Ace","Hearts","Six"
"537","Clubs","Two","Hearts","Six"
"538","Diamonds","Two","Hearts","Six"
"539","Clubs","Three","Hearts","Six"
"540","Diamonds","Three","Hearts","Six"
"541","Clubs","Four","Hearts","Six"
"542","Diamonds","Four","Hearts","Six"
"543","Hearts","Four","Hearts","Six"
"544","Clubs","Five","Hearts","Six"
"545","Diamonds","Five","Hearts","Six"
"546","Hearts","Five","Hearts","Six"
"547","Clubs","Six","Hearts","Six"
"548","Diamonds","Six","Hearts","Six"
"549","Clubs","Seven","Hearts","Six"
"550","Diamonds","Seven","Hearts","Six"
"551","Hearts","Seven","Hearts","Six"
"552","Clubs","Eight","Hearts","Six"
"553","Diamonds","Eight","Hearts","Six"
"554","Hearts","Eight","Hearts","Six"
"555","Clubs","Nine","Hearts","Six"
"556","Diamonds","Nine","Hearts","Six"
"557","Hearts","Nine","Hearts","Six"
"558","Clubs","Ten","Hearts","Six"
"559","Diamonds","Ten","Hearts","Six"
"560","Clubs","Jack","Hearts","Six"
"561","Diamonds","Jack","Hearts","Six"
"562","Hearts","Jack","Hearts","Six"
"563","Clubs","Queen","Hearts","Six"
"564","Diamonds","Queen","Hearts","Six"
"565","Hearts","Queen","Hearts","Six"
"566","Clubs","King","Hearts","Six"
"567","Diamonds","King","Hearts","Six"
"568","Hearts","King","Hearts","Six"
"569","Clubs","Ace","Spades","Six"
"570","Diamonds","Ace","Spades","Six"
"571","Hearts","Ace","Spades","Six"
"572","Spades","Ace","Spades","Six"
"573","Clubs","Two","Spades","Six"
"574","Diamonds","Two","Spades","Six"
"575","Hearts","Two","Spades","Six"
"576","Clubs","Three","Spades","Six"
"577","Diamonds","Three","Spades","Six"
"578","Hearts","Three","Spades","Six"
"579","Clubs","Four","Spades","Six"
"580","Diamonds","Four","Spades","Six"
"581","Hearts","Four","Spades","Six"
"582","Spades","Four","Spades","Six"
"583","Clubs","Five","Spades","Six"
"584","Diamonds","Five","Spades","Six"
"585","Hearts","Five","Spades","Six"
"586","Spades","Five","Spades","Six"
"587","Clubs","Six","Spades","Six"
"588","Diamonds","Six","Spades","Six"
"589","Hearts","Six","Spades","Six"
"590","Clubs","Seven","Spades","Six"
"591","Diamonds","Seven","Spades","Six"
"592","Hearts","Seven","Spades","Six"
"593","Spades","Seven","Spades","Six"
"594","Clubs","Eight","Spades","Six"
"595","Diamonds","Eight","Spades","Six"
"596","Hearts","Eight","Spades","Six"
"597","Spades","Eight","Spades","Six"
"598","Clubs","Nine","Spades","Six"
"599","Diamonds","Nine","Spades","Six"
"600","Hearts","Nine","Spades","Six"
"601","Spades","Nine","Spades","Six"
"602","Clubs","Ten","Spades","Six"
"603","Diamonds","Ten","Spades","Six"
"604","Hearts","Ten","Spades","Six"
"605","Clubs","Jack","Spades","Six"
"606","Diamonds","Jack","Spades","Six"
"607","Hearts","Jack","Spades","Six"
"608","Spades","Jack","Spades","Six"
"609","Clubs","Queen","Spades","Six"
"610","Diamonds","Queen","Spades","Six"
"611","Hearts","Queen","Spades","Six"
"612","Spades","Queen","Spades","Six"
"613","Clubs","King","Spades","Six"
"614","Diamonds","King","Spades","Six"
"615","Hearts","King","Spades","Six"
"616","Spades","King","Spades","Six"
"617","Clubs","Ace","Clubs","Seven"
"618","Clubs","Four","Clubs","Seven"
"619","Clubs","Five","Clubs","Seven"
"620","Clubs","Eight","Clubs","Seven"
"621","Clubs","Nine","Clubs","Seven"
"622","Clubs","Jack","Clubs","Seven"
"623","Clubs","Queen","Clubs","Seven"
"624","Clubs","King","Clubs","Seven"
"625","Clubs","Ace","Diamonds","Seven"
"626","Diamonds","Ace","Diamonds","Seven"
"627","Clubs","Two","Diamonds","Seven"
"628","Clubs","Three","Diamonds","Seven"
"629","Clubs","Four","Diamonds","Seven"
"630","Diamonds","Four","Diamonds","Seven"
"631","Clubs","Five","Diamonds","Seven"
"632","Diamonds","Five","Diamonds","Seven"
"633","Clubs","Six","Diamonds","Seven"
"634","Clubs","Seven","Diamonds","Seven"
"635","Clubs","Eight","Diamonds","Seven"
"636","Diamonds","Eight","Diamonds","Seven"
"637","Clubs","Nine","Diamonds","Seven"
"638","Diamonds","Nine","Diamonds","Seven"
"639","Clubs","Ten","Diamonds","Seven"
"640","Clubs","Jack","Diamonds","Seven"
"641","Diamonds","Jack","Diamonds","Seven"
"642","Clubs","Queen","Diamonds","Seven"
"643","Diamonds","Queen","Diamonds","Seven"
"644","Clubs","King","Diamonds","Seven"
"645","Diamonds","King","Diamonds","Seven"
"646","Clubs","Ace","Hearts","Seven"
"647","Diamonds","Ace","Hearts","Seven"
"648","Hearts","Ace","Hearts","Seven"
"649","Clubs","Two","Hearts","Seven"
"650","Diamonds","Two","Hearts","Seven"
"651","Clubs","Three","Hearts","Seven"
"652","Diamonds","Three","Hearts","Seven"
"653","Clubs","Four","Hearts","Seven"
"654","Diamonds","Four","Hearts","Seven"
"655","Hearts","Four","Hearts","Seven"
"656","Clubs","Five","Hearts","Seven"
"657","Diamonds","Five","Hearts","Seven"
"658","Hearts","Five","Hearts","Seven"
"659","Clubs","Six","Hearts","Seven"
"660","Diamonds","Six","Hearts","Seven"
"661","Clubs","Seven","Hearts","Seven"
"662","Diamonds","Seven","Hearts","Seven"
"663","Clubs","Eight","Hearts","Seven"
"664","Diamonds","Eight","Hearts","Seven"
"665","Hearts","Eight","Hearts","Seven"
"666","Clubs","Nine","Hearts","Seven"
"667","Diamonds","Nine","Hearts","Seven"
"668","Hearts","Nine","Hearts","Seven"
"669","Clubs","Ten","Hearts","Seven"
"670","Diamonds","Ten","Hearts","Seven"
"671","Clubs","Jack","Hearts","Seven"
"672","Diamonds","Jack","Hearts","Seven"
"673","Hearts","Jack","Hearts","Seven"
"674","Clubs","Queen","Hearts","Seven"
"675","Diamonds","Queen","Hearts","Seven"
"676","Hearts","Queen","Hearts","Seven"
"677","Clubs","King","Hearts","Seven"
"678","Diamonds","King","Hearts","Seven"
"679","Hearts","King","Hearts","Seven"
"680","Clubs","Ace","Spades","Seven"
"681","Diamonds","Ace","Spades","Seven"
"682","Hearts","Ace","Spades","Seven"
"683","Spades","Ace","Spades","Seven"
"684","Clubs","Two","Spades","Seven"
"685","Diamonds","Two","Spades","Seven"
"686","Hearts","Two","Spades","Seven"
"687","Clubs","Three","Spades","Seven"
"688","Diamonds","Three","Spades","Seven"
"689","Hearts","Three","Spades","Seven"
"690","Clubs","Four","Spades","Seven"
"691","Diamonds","Four","Spades","Seven"
"692","Hearts","Four","Spades","Seven"
"693","Spades","Four","Spades","Seven"
"694","Clubs","Five","Spades","Seven"
"695","Diamonds","Five","Spades","Seven"
"696","Hearts","Five","Spades","Seven"
"697","Spades","Five","Spades","Seven"
"698","Clubs","Six","Spades","Seven"
"699","Diamonds","Six","Spades","Seven"
"700","Hearts","Six","Spades","Seven"
"701","Clubs","Seven","Spades","Seven"
"702","Diamonds","Seven","Spades","Seven"
"703","Hearts","Seven","Spades","Seven"
"704","Clubs","Eight","Spades","Seven"
"705","Diamonds","Eight","Spades","Seven"
"706","Hearts","Eight","Spades","Seven"
"707","Spades","Eight","Spades","Seven"
"708","Clubs","Nine","Spades","Seven"
"709","Diamonds","Nine","Spades","Seven"
"710","Hearts","Nine","Spades","Seven"
"711","Spades","Nine","Spades","Seven"
"712","Clubs","Ten","Spades","Seven"
"713","Diamonds","Ten","Spades","Seven"
"714","Hearts","Ten","Spades","Seven"
"715","Clubs","Jack","Spades","Seven"
"716","Diamonds","Jack","Spades","Seven"
"717","Hearts","Jack","Spades","Seven"
"718","Spades","Jack","Spades","Seven"
"719","Clubs","Queen","Spades","Seven"
"720","Diamonds","Queen","Spades","Seven"
"721","Hearts","Queen","Spades","Seven"
"722","Spades","Queen","Spades","Seven"
"723","Clubs","King","Spades","Seven"
"724","Diamonds","King","Spades","Seven"
"725","Hearts","King","Spades","Seven"
"726","Spades","King","Spades","Seven"
"727","Clubs","Ace","Clubs","Eight"
"728","Clubs","Ace","Diamonds","Eight"
"729","Diamonds","Ace","Diamonds","Eight"
"730","Clubs","Two","Diamonds","Eight"
"731","Clubs","Three","Diamonds","Eight"
"732","Clubs","Four","Diamonds","Eight"
"733","Clubs","Five","Diamonds","Eight"
"734","Clubs","Six","Diamonds","Eight"
"735","Clubs","Seven","Diamonds","Eight"
"736","Clubs","Eight","Diamonds","Eight"
"737","Clubs","Nine","Diamonds","Eight"
"738","Clubs","Ten","Diamonds","Eight"
"739","Clubs","Jack","Diamonds","Eight"
"740","Clubs","Queen","Diamonds","Eight"
"741","Clubs","King","Diamonds","Eight"
"742","Clubs","Ace","Hearts","Eight"
"743","Diamonds","Ace","Hearts","Eight"
"744","Hearts","Ace","Hearts","Eight"
"745","Clubs","Two","Hearts","Eight"
"746","Diamonds","Two","Hearts","Eight"
"747","Clubs","Three","Hearts","Eight"
"748","Diamonds","Three","Hearts","Eight"
"749","Clubs","Four","Hearts","Eight"
"750","Diamonds","Four","Hearts","Eight"
"751","Clubs","Five","Hearts","Eight"
"752","Diamonds","Five","Hearts","Eight"
"753","Clubs","Six","Hearts","Eight"
"754","Diamonds","Six","Hearts","Eight"
"755","Clubs","Seven","Hearts","Eight"
"756","Diamonds","Seven","Hearts","Eight"
"757","Clubs","Eight","Hearts","Eight"
"758","Diamonds","Eight","Hearts","Eight"
"759","Clubs","Nine","Hearts","Eight"
"760","Diamonds","Nine","Hearts","Eight"
"761","Clubs","Ten","Hearts","Eight"
"762","Diamonds","Ten","Hearts","Eight"
"763","Clubs","Jack","Hearts","Eight"
"764","Diamonds","Jack","Hearts","Eight"
"765","Clubs","Queen","Hearts","Eight"
"766","Diamonds","Queen","Hearts","Eight"
"767","Clubs","King","Hearts","Eight"
"768","Diamonds","King","Hearts","Eight"
"769","Clubs","Ace","Spades","Eight"
"770","Diamonds","Ace","Spades","Eight"
"771","Hearts","Ace","Spades","Eight"
"772","Spades","Ace","Spades","Eight"
"773","Clubs","Two","Spades","Eight"
"774","Diamonds","Two","Spades","Eight"
"775","Hearts","Two","Spades","Eight"
"776","Clubs","Three","Spades","Eight"
"777","Diamonds","Three","Spades","Eight"
"778","Hearts","Three","Spades","Eight"
"779","Clubs","Four","Spades","Eight"
"780","Diamonds","Four","Spades","Eight"
"781","Hearts","Four","Spades","Eight"
"782","Clubs","Five","Spades","Eight"
"783","Diamonds","Five","Spades","Eight"
"784","Hearts","Five","Spades","Eight"
"785","Clubs","Six","Spades","Eight"
"786","Diamonds","Six","Spades","Eight"
"787","Hearts","Six","Spades","Eight"
"788","Clubs","Seven","Spades","Eight"
"789","Diamonds","Seven","Spades","Eight"
"790","Hearts","Seven","Spades","Eight"
"791","Clubs","Eight","Spades","Eight"
"792","Diamonds","Eight","Spades","Eight"
"793","Hearts","Eight","Spades","Eight"
"794","Clubs","Nine","Spades","Eight"
"795","Diamonds","Nine","Spades","Eight"
"796","Hearts","Nine","Spades","Eight"
"797","Clubs","Ten","Spades","Eight"
"798","Diamonds","Ten","Spades","Eight"
"799","Hearts","Ten","Spades","Eight"
"800","Clubs","Jack","Spades","Eight"
"801","Diamonds","Jack","Spades","Eight"
"802","Hearts","Jack","Spades","Eight"
"803","Clubs","Queen","Spades","Eight"
"804","Diamonds","Queen","Spades","Eight"
"805","Hearts","Queen","Spades","Eight"
"806","Clubs","King","Spades","Eight"
"807","Diamonds","King","Spades","Eight"
"808","Hearts","King","Spades","Eight"
"809","Clubs","Ace","Clubs","Nine"
"810","Clubs","Four","Clubs","Nine"
"811","Clubs","Five","Clubs","Nine"
"812","Clubs","Eight","Clubs","Nine"
"813","Clubs","Jack","Clubs","Nine"
"814","Clubs","King","Clubs","Nine"
"815","Clubs","Ace","Diamonds","Nine"
"816","Diamonds","Ace","Diamonds","Nine"
"817","Clubs","Two","Diamonds","Nine"
"818","Clubs","Three","Diamonds","Nine"
"819","Clubs","Four","Diamonds","Nine"
"820","Diamonds","Four","Diamonds","Nine"
"821","Clubs","Five","Diamonds","Nine"
"822","Diamonds","Five","Diamonds","Nine"
"823","Clubs","Six","Diamonds","Nine"
"824","Clubs","Seven","Diamonds","Nine"
"825","Clubs","Eight","Diamonds","Nine"
"826","Diamonds","Eight","Diamonds","Nine"
"827","Clubs","Nine","Diamonds","Nine"
"828","Clubs","Ten","Diamonds","Nine"
"829","Clubs","Jack","Diamonds","Nine"
"830","Diamonds","Jack","Diamonds","Nine"
"831","Clubs","Queen","Diamonds","Nine"
"832","Clubs","King","Diamonds","Nine"
"833","Diamonds","King","Diamonds","Nine"
"834","Clubs","Ace","Hearts","Nine"
"835","Diamonds","Ace","Hearts","Nine"
"836","Hearts","Ace","Hearts","Nine"
"837","Clubs","Two","Hearts","Nine"
"838","Diamonds","Two","Hearts","Nine"
"839","Clubs","Three","Hearts","Nine"
"840","Diamonds","Three","Hearts","Nine"
"841","Clubs","Four","Hearts","Nine"
"842","Diamonds","Four","Hearts","Nine"
"843","Hearts","Four","Hearts","Nine"
"844","Clubs","Five","Hearts","Nine"
"845","Diamonds","Five","Hearts","Nine"
"846","Hearts","Five","Hearts","Nine"
"847","Clubs","Six","Hearts","Nine"
"848","Diamonds","Six","Hearts","Nine"
"849","Clubs","Seven","Hearts","Nine"
"850","Diamonds","Seven","Hearts","Nine"
"851","Clubs","Eight","Hearts","Nine"
"852","Diamonds","Eight","Hearts","Nine"
"853","Hearts","Eight","Hearts","Nine"
"854","Clubs","Nine","Hearts","Nine"
"855","Diamonds","Nine","Hearts","Nine"
"856","Clubs","Ten","Hearts","Nine"
"857","Diamonds","Ten","Hearts","Nine"
"858","Clubs","Jack","Hearts","Nine"
"859","Diamonds","Jack","Hearts","Nine"
"860","Hearts","Jack","Hearts","Nine"
"861","Clubs","Queen","Hearts","Nine"
"862","Diamonds","Queen","Hearts","Nine"
"863","Clubs","King","Hearts","Nine"
"864","Diamonds","King","Hearts","Nine"
"865","Hearts","King","Hearts","Nine"
"866","Clubs","Ace","Spades","Nine"
"867","Diamonds","Ace","Spades","Nine"
"868","Hearts","Ace","Spades","Nine"
"869","Spades","Ace","Spades","Nine"
"870","Clubs","Two","Spades","Nine"
"871","Diamonds","Two","Spades","Nine"
"872","Hearts","Two","Spades","Nine"
"873","Clubs","Three","Spades","Nine"
"874","Diamonds","Three","Spades","Nine"
"875","Hearts","Three","Spades","Nine"
"876","Clubs","Four","Spades","Nine"
"877","Diamonds","Four","Spades","Nine"
"878","Hearts","Four","Spades","Nine"
"879","Spades","Four","Spades","Nine"
"880","Clubs","Five","Spades","Nine"
"881","Diamonds","Five","Spades","Nine"
"882","Hearts","Five","Spades","Nine"
"883","Spades","Five","Spades","Nine"
"884","Clubs","Six","Spades","Nine"
"885","Diamonds","Six","Spades","Nine"
"886","Hearts","Six","Spades","Nine"
"887","Clubs","Seven","Spades","Nine"
"888","Diamonds","Seven","Spades","Nine"
"889","Hearts","Seven","Spades","Nine"
"890","Clubs","Eight","Spades","Nine"
"891","Diamonds","Eight","Spades","Nine"
"892","Hearts","Eight","Spades","Nine"
"893","Spades","Eight","Spades","Nine"
"894","Clubs","Nine","Spades","Nine"
"895","Diamonds","Nine","Spades","Nine"
"896","Hearts","Nine","Spades","Nine"
"897","Clubs","Ten","Spades","Nine"
"898","Diamonds","Ten","Spades","Nine"
"899","Hearts","Ten","Spades","Nine"
"900","Clubs","Jack","Spades","Nine"
"901","Diamonds","Jack","Spades","Nine"
"902","Hearts","Jack","Spades","Nine"
"903","Spades","Jack","Spades","Nine"
"904","Clubs","Queen","Spades","Nine"
"905","Diamonds","Queen","Spades","Nine"
"906","Hearts","Queen","Spades","Nine"
"907","Clubs","King","Spades","Nine"
"908","Diamonds","King","Spades","Nine"
"909","Hearts","King","Spades","Nine"
"910","Spades","King","Spades","Nine"
"911","Clubs","Ace","Clubs","Ten"
"912","Clubs","Four","Clubs","Ten"
"913","Clubs","Five","Clubs","Ten"
"914","Clubs","Six","Clubs","Ten"
"915","Clubs","Seven","Clubs","Ten"
"916","Clubs","Eight","Clubs","Ten"
"917","Clubs","Nine","Clubs","Ten"
"918","Clubs","Jack","Clubs","Ten"
"919","Clubs","Queen","Clubs","Ten"
"920","Clubs","King","Clubs","Ten"
"921","Clubs","Ace","Diamonds","Ten"
"922","Diamonds","Ace","Diamonds","Ten"
"923","Clubs","Two","Diamonds","Ten"
"924","Clubs","Three","Diamonds","Ten"
"925","Clubs","Four","Diamonds","Ten"
"926","Diamonds","Four","Diamonds","Ten"
"927","Clubs","Five","Diamonds","Ten"
"928","Diamonds","Five","Diamonds","Ten"
"929","Clubs","Six","Diamonds","Ten"
"930","Diamonds","Six","Diamonds","Ten"
"931","Clubs","Seven","Diamonds","Ten"
"932","Diamonds","Seven","Diamonds","Ten"
"933","Clubs","Eight","Diamonds","Ten"
"934","Diamonds","Eight","Diamonds","Ten"
"935","Clubs","Nine","Diamonds","Ten"
"936","Diamonds","Nine","Diamonds","Ten"
"937","Clubs","Ten","Diamonds","Ten"
"938","Clubs","Jack","Diamonds","Ten"
"939","Diamonds","Jack","Diamonds","Ten"
"940","Clubs","Queen","Diamonds","Ten"
"941","Diamonds","Queen","Diamonds","Ten"
"942","Clubs","King","Diamonds","Ten"
"943","Diamonds","King","Diamonds","Ten"
"944","Clubs","Ace","Hearts","Ten"
"945","Diamonds","Ace","Hearts","Ten"
"946","Hearts","Ace","Hearts","Ten"
"947","Clubs","Two","Hearts","Ten"
"948","Diamonds","Two","Hearts","Ten"
"949","Clubs","Three","Hearts","Ten"
"950","Diamonds","Three","Hearts","Ten"
"951","Clubs","Four","Hearts","Ten"
"952","Diamonds","Four","Hearts","Ten"
"953","Hearts","Four","Hearts","Ten"
"954","Clubs","Five","Hearts","Ten"
"955","Diamonds","Five","Hearts","Ten"
"956","Hearts","Five","Hearts","Ten"
"957","Clubs","Six","Hearts","Ten"
"958","Diamonds","Six","Hearts","Ten"
"959","Hearts","Six","Hearts","Ten"
"960","Clubs","Seven","Hearts","Ten"
"961","Diamonds","Seven","Hearts","Ten"
"962","Hearts","Seven","Hearts","Ten"
"963","Clubs","Eight","Hearts","Ten"
"964","Diamonds","Eight","Hearts","Ten"
"965","Hearts","Eight","Hearts","Ten"
"966","Clubs","Nine","Hearts","Ten"
"967","Diamonds","Nine","Hearts","Ten"
"968","Hearts","Nine","Hearts","Ten"
"969","Clubs","Ten","Hearts","Ten"
"970","Diamonds","Ten","Hearts","Ten"
"971","Clubs","Jack","Hearts","Ten"
"972","Diamonds","Jack","Hearts","Ten"
"973","Hearts","Jack","Hearts","Ten"
"974","Clubs","Queen","Hearts","Ten"
"975","Diamonds","Queen","Hearts","Ten"
"976","Hearts","Queen","Hearts","Ten"
"977","Clubs","King","Hearts","Ten"
"978","Diamonds","King","Hearts","Ten"
"979","Hearts","King","Hearts","Ten"
"980","Clubs","Ace","Spades","Ten"
"981","Diamonds","Ace","Spades","Ten"
"982","Hearts","Ace","Spades","Ten"
"983","Spades","Ace","Spades","Ten"
"984","Clubs","Two","Spades","Ten"
"985","Diamonds","Two","Spades","Ten"
"986","Hearts","Two","Spades","Ten"
"987","Clubs","Three","Spades","Ten"
"988","Diamonds","Three","Spades","Ten"
"989","Hearts","Three","Spades","Ten"
"990","Clubs","Four","Spades","Ten"
"991","Diamonds","Four","Spades","Ten"
"992","Hearts","Four","Spades","Ten"
"993","Spades","Four","Spades","Ten"
"994","Clubs","Five","Spades","Ten"
"995","Diamonds","Five","Spades","Ten"
"996","Hearts","Five","Spades","Ten"
"997","Spades","Five","Spades","Ten"
"998","Clubs","Six","Spades","Ten"
"999","Diamonds","Six","Spades","Ten"
"1000","Hearts","Six","Spades","Ten"
"1001","Spades","Six","Spades","Ten"
"1002","Clubs","Seven","Spades","Ten"
"1003","Diamonds","Seven","Spades","Ten"
"1004","Hearts","Seven","Spades","Ten"
"1005","Spades","Seven","Spades","Ten"
"1006","Clubs","Eight","Spades","Ten"
"1007","Diamonds","Eight","Spades","Ten"
"1008","Hearts","Eight","Spades","Ten"
"1009","Spades","Eight","Spades","Ten"
"1010","Clubs","Nine","Spades","Ten"
"1011","Diamonds","Nine","Spades","Ten"
"1012","Hearts","Nine","Spades","Ten"
"1013","Spades","Nine","Spades","Ten"
"1014","Clubs","Ten","Spades","Ten"
"1015","Diamonds","Ten","Spades","Ten"
"1016","Hearts","Ten","Spades","Ten"
"1017","Clubs","Jack","Spades","Ten"
"1018","Diamonds","Jack","Spades","Ten"
"1019","Hearts","Jack","Spades","Ten"
"1020","Spades","Jack","Spades","Ten"
"1021","Clubs","Queen","Spades","Ten"
"1022","Diamonds","Queen","Spades","Ten"
"1023","Hearts","Queen","Spades","Ten"
"1024","Spades","Queen","Spades","Ten"
"1025","Clubs","King","Spades","Ten"
"1026","Diamonds","King","Spades","Ten"
"1027","Hearts","King","Spades","Ten"
"1028","Spades","King","Spades","Ten"
"1029","Clubs","Ace","Clubs","Jack"
"1030","Clubs","Four","Clubs","Jack"
"1031","Clubs","Five","Clubs","Jack"
"1032","Clubs","Eight","Clubs","Jack"
"1033","Clubs","Ace","Diamonds","Jack"
"1034","Diamonds","Ace","Diamonds","Jack"
"1035","Clubs","Two","Diamonds","Jack"
"1036","Clubs","Three","Diamonds","Jack"
"1037","Clubs","Four","Diamonds","Jack"
"1038","Diamonds","Four","Diamonds","Jack"
"1039","Clubs","Five","Diamonds","Jack"
"1040","Diamonds","Five","Diamonds","Jack"
"1041","Clubs","Six","Diamonds","Jack"
"1042","Clubs","Seven","Diamonds","Jack"
"1043","Clubs","Eight","Diamonds","Jack"
"1044","Diamonds","Eight","Diamonds","Jack"
"1045","Clubs","Nine","Diamonds","Jack"
"1046","Clubs","Ten","Diamonds","Jack"
"1047","Clubs","Jack","Diamonds","Jack"
"1048","Clubs","Queen","Diamonds","Jack"
"1049","Clubs","King","Diamonds","Jack"
"1050","Clubs","Ace","Hearts","Jack"
"1051","Diamonds","Ace","Hearts","Jack"
"1052","Hearts","Ace","Hearts","Jack"
"1053","Clubs","Two","Hearts","Jack"
"1054","Diamonds","Two","Hearts","Jack"
"1055","Clubs","Three","Hearts","Jack"
"1056","Diamonds","Three","Hearts","Jack"
"1057","Clubs","Four","Hearts","Jack"
"1058","Diamonds","Four","Hearts","Jack"
"1059","Hearts","Four","Hearts","Jack"
"1060","Clubs","Five","Hearts","Jack"
"1061","Diamonds","Five","Hearts","Jack"
"1062","Hearts","Five","Hearts","Jack"
"1063","Clubs","Six","Hearts","Jack"
"1064","Diamonds","Six","Hearts","Jack"
"1065","Clubs","Seven","Hearts","Jack"
"1066","Diamonds","Seven","Hearts","Jack"
"1067","Clubs","Eight","Hearts","Jack"
"1068","Diamonds","Eight","Hearts","Jack"
"1069","Hearts","Eight","Hearts","Jack"
"1070","Clubs","Nine","Hearts","Jack"
"1071","Diamonds","Nine","Hearts","Jack"
"1072","Clubs","Ten","Hearts","Jack"
"1073","Diamonds","Ten","Hearts","Jack"
"1074","Clubs","Jack","Hearts","Jack"
"1075","Diamonds","Jack","Hearts","Jack"
"1076","Clubs","Queen","Hearts","Jack"
"1077","Diamonds","Queen","Hearts","Jack"
"1078","Clubs","King","Hearts","Jack"
"1079","Diamonds","King","Hearts","Jack"
"1080","Clubs","Ace","Spades","Jack"
"1081","Diamonds","Ace","Spades","Jack"
"1082","Hearts","Ace","Spades","Jack"
"1083","Spades","Ace","Spades","Jack"
"1084","Clubs","Two","Spades","Jack"
"1085","Diamonds","Two","Spades","Jack"
"1086","Hearts","Two","Spades","Jack"
"1087","Clubs","Three","Spades","Jack"
"1088","Diamonds","Three","Spades","Jack"
"1089","Hearts","Three","Spades","Jack"
"1090","Clubs","Four","Spades","Jack"
"1091","Diamonds","Four","Spades","Jack"
"1092","Hearts","Four","Spades","Jack"
"1093","Spades","Four","Spades","Jack"
"1094","Clubs","Five","Spades","Jack"
"1095","Diamonds","Five","Spades","Jack"
"1096","Hearts","Five","Spades","Jack"
"1097","Spades","Five","Spades","Jack"
"1098","Clubs","Six","Spades","Jack"
"1099","Diamonds","Six","Spades","Jack"
"1100","Hearts","Six","Spades","Jack"
"1101","Clubs","Seven","Spades","Jack"
"1102","Diamonds","Seven","Spades","Jack"
"1103","Hearts","Seven","Spades","Jack"
"1104","Clubs","Eight","Spades","Jack"
"1105","Diamonds","Eight","Spades","Jack"
"1106","Hearts","Eight","Spades","Jack"
"1107","Spades","Eight","Spades","Jack"
"1108","Clubs","Nine","Spades","Jack"
"1109","Diamonds","Nine","Spades","Jack"
"1110","Hearts","Nine","Spades","Jack"
"1111","Clubs","Ten","Spades","Jack"
"1112","Diamonds","Ten","Spades","Jack"
"1113","Hearts","Ten","Spades","Jack"
"1114","Clubs","Jack","Spades","Jack"
"1115","Diamonds","Jack","Spades","Jack"
"1116","Hearts","Jack","Spades","Jack"
"1117","Clubs","Queen","Spades","Jack"
"1118","Diamonds","Queen","Spades","Jack"
"1119","Hearts","Queen","Spades","Jack"
"1120","Clubs","King","Spades","Jack"
"1121","Diamonds","King","Spades","Jack"
"1122","Hearts","King","Spades","Jack"
"1123","Clubs","Ace","Clubs","Queen"
"1124","Clubs","Four","Clubs","Queen"
"1125","Clubs","Five","Clubs","Queen"
"1126","Clubs","Eight","Clubs","Queen"
"1127","Clubs","Nine","Clubs","Queen"
"1128","Clubs","Jack","Clubs","Queen"
"1129","Clubs","King","Clubs","Queen"
"1130","Clubs","Ace","Diamonds","Queen"
"1131","Diamonds","Ace","Diamonds","Queen"
"1132","Clubs","Two","Diamonds","Queen"
"1133","Clubs","Three","Diamonds","Queen"
"1134","Clubs","Four","Diamonds","Queen"
"1135","Diamonds","Four","Diamonds","Queen"
"1136","Clubs","Five","Diamonds","Queen"
"1137","Diamonds","Five","Diamonds","Queen"
"1138","Clubs","Six","Diamonds","Queen"
"1139","Clubs","Seven","Diamonds","Queen"
"1140","Clubs","Eight","Diamonds","Queen"
"1141","Diamonds","Eight","Diamonds","Queen"
"1142","Clubs","Nine","Diamonds","Queen"
"1143","Diamonds","Nine","Diamonds","Queen"
"1144","Clubs","Ten","Diamonds","Queen"
"1145","Clubs","Jack","Diamonds","Queen"
"1146","Diamonds","Jack","Diamonds","Queen"
"1147","Clubs","Queen","Diamonds","Queen"
"1148","Clubs","King","Diamonds","Queen"
"1149","Diamonds","King","Diamonds","Queen"
"1150","Clubs","Ace","Hearts","Queen"
"1151","Diamonds","Ace","Hearts","Queen"
"1152","Hearts","Ace","Hearts","Queen"
"1153","Clubs","Two","Hearts","Queen"
"1154","Diamonds","Two","Hearts","Queen"
"1155","Clubs","Three","Hearts","Queen"
"1156","Diamonds","Three","Hearts","Queen"
"1157","Clubs","Four","Hearts","Queen"
"1158","Diamonds","Four","Hearts","Queen"
"1159","Hearts","Four","Hearts","Queen"
"1160","Clubs","Five","Hearts","Queen"
"1161","Diamonds","Five","Hearts","Queen"
"1162","Hearts","Five","Hearts","Queen"
"1163","Clubs","Six","Hearts","Queen"
"1164","Diamonds","Six","Hearts","Queen"
"1165","Clubs","Seven","Hearts","Queen"
"1166","Diamonds","Seven","Hearts","Queen"
"1167","Clubs","Eight","Hearts","Queen"
"1168","Diamonds","Eight","Hearts","Queen"
"1169","Hearts","Eight","Hearts","Queen"
"1170","Clubs","Nine","Hearts","Queen"
"1171","Diamonds","Nine","Hearts","Queen"
"1172","Hearts","Nine","Hearts","Queen"
"1173","Clubs","Ten","Hearts","Queen"
"1174","Diamonds","Ten","Hearts","Queen"
"1175","Clubs","Jack","Hearts","Queen"
"1176","Diamonds","Jack","Hearts","Queen"
"1177","Hearts","Jack","Hearts","Queen"
"1178","Clubs","Queen","Hearts","Queen"
"1179","Diamonds","Queen","Hearts","Queen"
"1180","Clubs","King","Hearts","Queen"
"1181","Diamonds","King","Hearts","Queen"
"1182","Hearts","King","Hearts","Queen"
"1183","Clubs","Ace","Spades","Queen"
"1184","Diamonds","Ace","Spades","Queen"
"1185","Hearts","Ace","Spades","Queen"
"1186","Spades","Ace","Spades","Queen"
"1187","Clubs","Two","Spades","Queen"
"1188","Diamonds","Two","Spades","Queen"
"1189","Hearts","Two","Spades","Queen"
"1190","Clubs","Three","Spades","Queen"
"1191","Diamonds","Three","Spades","Queen"
"1192","Hearts","Three","Spades","Queen"
"1193","Clubs","Four","Spades","Queen"
"1194","Diamonds","Four","Spades","Queen"
"1195","Hearts","Four","Spades","Queen"
"1196","Spades","Four","Spades","Queen"
"1197","Clubs","Five","Spades","Queen"
"1198","Diamonds","Five","Spades","Queen"
"1199","Hearts","Five","Spades","Queen"
"1200","Spades","Five","Spades","Queen"
"1201","Clubs","Six","Spades","Queen"
"1202","Diamonds","Six","Spades","Queen"
"1203","Hearts","Six","Spades","Queen"
"1204","Clubs","Seven","Spades","Queen"
"1205","Diamonds","Seven","Spades","Queen"
"1206","Hearts","Seven","Spades","Queen"
"1207","Clubs","Eight","Spades","Queen"
"1208","Diamonds","Eight","Spades","Queen"
"1209","Hearts","Eight","Spades","Queen"
"1210","Spades","Eight","Spades","Queen"
"1211","Clubs","Nine","Spades","Queen"
"1212","Diamonds","Nine","Spades","Queen"
"1213","Hearts","Nine","Spades","Queen"
"1214","Spades","Nine","Spades","Queen"
"1215","Clubs","Ten","Spades","Queen"
"1216","Diamonds","Ten","Spades","Queen"
"1217","Hearts","Ten","Spades","Queen"
"1218","Clubs","Jack","Spades","Queen"
"1219","Diamonds","Jack","Spades","Queen"
"1220","Hearts","Jack","Spades","Queen"
"1221","Spades","Jack","Spades","Queen"
"1222","Clubs","Queen","Spades","Queen"
"1223","Diamonds","Queen","Spades","Queen"
"1224","Hearts","Queen","Spades","Queen"
"1225","Clubs","King","Spades","Queen"
"1226","Diamonds","King","Spades","Queen"
"1227","Hearts","King","Spades","Queen"
"1228","Spades","King","Spades","Queen"
"1229","Clubs","Ace","Clubs","King"
"1230","Clubs","Four","Clubs","King"
"1231","Clubs","Five","Clubs","King"
"1232","Clubs","Eight","Clubs","King"
"1233","Clubs","Jack","Clubs","King"
"1234","Clubs","Ace","Diamonds","King"
"1235","Diamonds","Ace","Diamonds","King"
"1236","Clubs","Two","Diamonds","King"
"1237","Clubs","Three","Diamonds","King"
"1238","Clubs","Four","Diamonds","King"
"1239","Diamonds","Four","Diamonds","King"
"1240","Clubs","Five","Diamonds","King"
"1241","Diamonds","Five","Diamonds","King"
"1242","Clubs","Six","Diamonds","King"
"1243","Clubs","Seven","Diamonds","King"
"1244","Clubs","Eight","Diamonds","King"
"1245","Diamonds","Eight","Diamonds","King"
"1246","Clubs","Nine","Diamonds","King"
"1247","Clubs","Ten","Diamonds","King"
"1248","Clubs","Jack","Diamonds","King"
"1249","Diamonds","Jack","Diamonds","King"
"1250","Clubs","Queen","Diamonds","King"
"1251","Clubs","King","Diamonds","King"
"1252","Clubs","Ace","Hearts","King"
"1253","Diamonds","Ace","Hearts","King"
"1254","Hearts","Ace","Hearts","King"
"1255","Clubs","Two","Hearts","King"
"1256","Diamonds","Two","Hearts","King"
"1257","Clubs","Three","Hearts","King"
"1258","Diamonds","Three","Hearts","King"
"1259","Clubs","Four","Hearts","King"
"1260","Diamonds","Four","Hearts","King"
"1261","Hearts","Four","Hearts","King"
"1262","Clubs","Five","Hearts","King"
"1263","Diamonds","Five","Hearts","King"
"1264","Hearts","Five","Hearts","King"
"1265","Clubs","Six","Hearts","King"
"1266","Diamonds","Six","Hearts","King"
"1267","Clubs","Seven","Hearts","King"
"1268","Diamonds","Seven","Hearts","King"
"1269","Clubs","Eight","Hearts","King"
"1270","Diamonds","Eight","Hearts","King"
"1271","Hearts","Eight","Hearts","King"
"1272","Clubs","Nine","Hearts","King"
"1273","Diamonds","Nine","Hearts","King"
"1274","Clubs","Ten","Hearts","King"
"1275","Diamonds","Ten","Hearts","King"
"1276","Clubs","Jack","Hearts","King"
"1277","Diamonds","Jack","Hearts","King"
"1278","Hearts","Jack","Hearts","King"
"1279","Clubs","Queen","Hearts","King"
"1280","Diamonds","Queen","Hearts","King"
"1281","Clubs","King","Hearts","King"
"1282","Diamonds","King","Hearts","King"
"1283","Clubs","Ace","Spades","King"
"1284","Diamonds","Ace","Spades","King"
"1285","Hearts","Ace","Spades","King"
"1286","Spades","Ace","Spades","King"
"1287","Clubs","Two","Spades","King"
"1288","Diamonds","Two","Spades","King"
"1289","Hearts","Two","Spades","King"
"1290","Clubs","Three","Spades","King"
"1291","Diamonds","Three","Spades","King"
"1292","Hearts","Three","Spades","King"
"1293","Clubs","Four","Spades","King"
"1294","Diamonds","Four","Spades","King"
"1295","Hearts","Four","Spades","King"
"1296","Spades","Four","Spades","King"
"1297","Clubs","Five","Spades","King"
"1298","Diamonds","Five","Spades","King"
"1299","Hearts","Five","Spades","King"
"1300","Spades","Five","Spades","King"
"1301","Clubs","Six","Spades","King"
"1302","Diamonds","Six","Spades","King"
"1303","Hearts","Six","Spades","King"
"1304","Clubs","Seven","Spades","King"
"1305","Diamonds","Seven","Spades","King"
"1306","Hearts","Seven","Spades","King"
"1307","Clubs","Eight","Spades","King"
"1308","Diamonds","Eight","Spades","King"
"1309","Hearts","Eight","Spades","King"
"1310","Spades","Eight","Spades","King"
"1311","Clubs","Nine","Spades","King"
"1312","Diamonds","Nine","Spades","King"
"1313","Hearts","Nine","Spades","King"
"1314","Clubs","Ten","Spades","King"
"1315","Diamonds","Ten","Spades","King"
"1316","Hearts","Ten","Spades","King"
"1317","Clubs","Jack","Spades","King"
"1318","Diamonds","Jack","Spades","King"
"1319","Hearts","Jack","Spades","King"
"1320","Spades","Jack","Spades","King"
"1321","Clubs","Queen","Spades","King"
"1322","Diamonds","Queen","Spades","King"
"1323","Hearts","Queen","Spades","King"
"1324","Clubs","King","Spades","King"
"1325","Diamonds","King","Spades","King"
"1326","Hearts","King","Spades","King"
